id;matricule;etat_civil;type_personnel;activite;grade;dateentreeservice;nomstatut;matriculecreation;datecreation;matriculemodif;datemodif
1;multi-byte;Director;Awesome Steel Bacon;synergize grey Road;dynamic Fantastic Rubber Fish communities;2020-11-14T06:58:00;markets Money Market Account;generating circuit;2020-11-13T16:59:15;primary;2020-11-13T13:29:04
2;Shirt;Investment Account;Generic Cotton Table SAS;Unbranded Frozen Cheese invoice Legacy;Generic;2020-11-13T14:53:32;deposit Applications;bypass tertiary Phased;2020-11-14T09:05:45;customized microchip backing up;2020-11-13T19:27:46
3;Crossing;Tasty Wooden Bacon International;Practical Rubber Table Hills target;alarm parse;deposit Italy Handmade;2020-11-13T12:39:46;Belize Dollar matrix;Ergonomic Soft Pants payment intranet;2020-11-13T12:20:08;International compress;2020-11-14T03:04:37
4;Product networks Tasty;deliverables;calculate magenta Shirt;input;Austria;2020-11-13T16:06:17;User-friendly Summit;Fantastic vortals e-business;2020-11-14T06:08:50;protocol invoice Steel;2020-11-13T12:57:00
5;Intelligent Rubber client-server;Berkshire;compressing;composite generating;hacking;2020-11-13T19:05:45;hard drive turn-key;payment;2020-11-13T11:09:38;Books mobile;2020-11-14T04:19:26
6;24/365 Bacon;withdrawal Dynamic sensor;Internal array;Specialist Money Market Account;ubiquitous Malaysian Ringgit B2B;2020-11-14T09:07:20;synthesize vertical open system;Rhode Island;2020-11-13T21:51:23;Regional;2020-11-13T23:26:58
7;backing up copying;Philippine Peso Mauritius Rupee;COM;Money Market Account;Cotton foreground hack;2020-11-13T10:41:58;Vatu;JSON;2020-11-14T10:00:46;Estates;2020-11-13T17:58:11
8;Grass-roots Associate Oregon;interfaces;Buckinghamshire white;asymmetric Mouse;Buckinghamshire Chief;2020-11-14T05:13:16;Somalia;backing up virtual;2020-11-13T15:03:44;Small B2C;2020-11-14T06:31:54
9;Home Loan Account;optical;Ergonomic Analyst;online;cyan;2020-11-14T09:40:57;rich New Leu turn-key;invoice Yemen;2020-11-14T00:46:39;olive;2020-11-13T15:31:45
10;District Electronics;function Technician action-items;SMS Licensed Organized;synergize Granite;syndicate Identity Comoros;2020-11-14T01:13:45;envisioneer aggregate Svalbard & Jan Mayen Islands;generating Corporate;2020-11-13T19:32:51;Awesome Wooden Cheese Iraq;2020-11-14T09:41:24
